DELETE FROM refresh_token;
DELETE FROM attachments;
DELETE FROM apply_posts;
DELETE FROM recruit_posts;
DELETE FROM profile_tags;
DELETE FROM images;
DELETE FROM profiles;
DELETE FROM tags;
DELETE FROM files;
DELETE FROM users;

INSERT INTO users (id, email, nickname, provider_id, role, created_at, updated_at) VALUES (1, 'user1@test.com', 'nickname1', 'google_109384272837465918374', 'ROLE_STORE', NOW(), NOW());
INSERT INTO users (id, email, nickname, provider_id, role, created_at, updated_at) VALUES (2, 'user2@test.com', 'nickname2', 'google_109384928374262918379','ROLE_STORE', NOW(), NOW());
INSERT INTO users (id, email, nickname, provider_id, role, created_at, updated_at) VALUES (3, 'user3@test.com', 'nickname3', 'google_109384928374652918373','ROLE_STORE', NOW(), NOW());
INSERT INTO users (id, email, nickname, provider_id, role, created_at, updated_at) VALUES (4, 'user4@test.com', 'nickname4', 'google_109384928374627918374','ROLE_STORE', NOW(), NOW());
INSERT INTO users (id, email, nickname, provider_id, role, created_at, updated_at) VALUES (5, 'user5@test.com', 'nickname5', 'google_109384928374673918368','ROLE_IP', NOW(), NOW());
INSERT INTO users (id, email, nickname, provider_id, role, created_at, updated_at) VALUES (6, 'user6@test.com', 'nickname6', 'google_109384928374652918377','ROLE_IP', NOW(), NOW());
INSERT INTO users (id, email, nickname, provider_id, role, created_at, updated_at) VALUES (7, 'user7@test.com', 'nickname7', 'google_109354928374652918337','ROLE_IP', NOW(), NOW());
INSERT INTO users (id, email, nickname, provider_id, role, created_at, updated_at) VALUES (8, 'user8@test.com', 'nickname8', 'google_129382828374652918315','ROLE_IP', NOW(), NOW());
INSERT INTO users (id, email, nickname, provider_id, role, created_at, updated_at) VALUES (9, 'user9@test.com', 'nickname9', 'google_109384910374652918586','ROLE_IP', NOW(), NOW());
INSERT INTO users (id, email, nickname, provider_id, role, created_at, updated_at) VALUES (10, 'user10@test.com', 'nickname10', 'google_109384928484652918300','ROLE_IP', NOW(), NOW());
INSERT INTO tags (id, name, type, created_at) VALUES (1, '따뜻함', 'STORE', NOW());
INSERT INTO tags (id, name, type, created_at) VALUES (2, '상쾌한', 'STORE', NOW());
INSERT INTO tags (id, name, type, created_at) VALUES (3, '모던한', 'STORE', NOW());
INSERT INTO tags (id, name, type, created_at) VALUES (4, '심플한', 'STORE', NOW());
INSERT INTO tags (id, name, type, created_at) VALUES (5, '더티한', 'STORE', NOW());
INSERT INTO tags (id, name, type, created_at) VALUES (6, '귀여움', 'IP', NOW());
INSERT INTO tags (id, name, type, created_at) VALUES (7, '천진난만', 'IP', NOW());
INSERT INTO tags (id, name, type, created_at) VALUES (8, '병맛', 'IP', NOW());
INSERT INTO tags (id, name, type, created_at) VALUES (9, '웃긴', 'IP', NOW());
INSERT INTO tags (id, name, type, created_at) VALUES (10, '깜찍뽀짝', 'IP', NOW());
/*
INSERT INTO profiles (id, user_id, address_code, address, type, name, description, collabo_count, status, created_at, updated_at) VALUES (1, 1, 11, '상세주소1', 'STORE', '매장프로필1', '설명1', 2, TRUE, NOW(), NOW());
INSERT INTO profiles (id, user_id, address_code, address, type, name, description, collabo_count, status, created_at, updated_at) VALUES (2, 2, 11, '상세주소2', 'STORE', '매장프로필2', '설명2', 4, TRUE, NOW(), NOW());
INSERT INTO profiles (id, user_id, address_code, address, type, name, description, collabo_count, status, created_at, updated_at) VALUES (3, 3, 11, '상세주소3', 'STORE', '매장프로필3', '설명3', 6, TRUE, NOW(), NOW());
INSERT INTO profiles (id, user_id, address_code, address, type, name, description, collabo_count, status, created_at, updated_at) VALUES (4, 4, 11, '상세주소4', 'STORE', '매장프로필4', '설명4', 8, TRUE, NOW(), NOW());
INSERT INTO profiles (id, user_id, address_code, address, type, name, description, collabo_count, status, created_at, updated_at) VALUES (5, 5, 11, '상세주소5', 'STORE', '매장프로필5', '설명5', 10, TRUE, NOW(), NOW());
INSERT INTO profiles (id, user_id, address_code, address, type, name, description, collabo_count, status, created_at, updated_at) VALUES (6, 6, NULL, NULL, 'IP', 'IP프로필1', '설명6', 12, TRUE, NOW(), NOW());
INSERT INTO profiles (id, user_id, address_code, address, type, name, description, collabo_count, status, created_at, updated_at) VALUES (7, 7, NULL, NULL, 'IP', 'IP프로필2', '설명7', 14, TRUE, NOW(), NOW());
INSERT INTO profiles (id, user_id, address_code, address, type, name, description, collabo_count, status, created_at, updated_at) VALUES (8, 8, NULL, NULL, 'IP', 'IP프로필3', '설명8', 16, TRUE, NOW(), NOW());
INSERT INTO profiles (id, user_id, address_code, address, type, name, description, collabo_count, status, created_at, updated_at) VALUES (9, 9, NULL, NULL, 'IP', 'IP프로필4', '설명9', 18, TRUE, NOW(), NOW());
INSERT INTO profiles (id, user_id, address_code, address, type, name, description, collabo_count, status, created_at, updated_at) VALUES (10, 10, NULL, NULL, 'IP', 'IP프로필5', '설명10', 20, TRUE, NOW(), NOW());
INSERT INTO profile_tags (id, profile_id, tag_id) VALUES (1, 1, 1);
INSERT INTO profile_tags (id, profile_id, tag_id) VALUES (2, 2, 2);
INSERT INTO profile_tags (id, profile_id, tag_id) VALUES (3, 3, 3);
INSERT INTO profile_tags (id, profile_id, tag_id) VALUES (4, 4, 4);
INSERT INTO profile_tags (id, profile_id, tag_id) VALUES (5, 5, 5);
INSERT INTO profile_tags (id, profile_id, tag_id) VALUES (6, 6, 6);
INSERT INTO profile_tags (id, profile_id, tag_id) VALUES (7, 7, 7);
INSERT INTO profile_tags (id, profile_id, tag_id) VALUES (8, 8, 8);
INSERT INTO profile_tags (id, profile_id, tag_id) VALUES (9, 9, 9);
INSERT INTO profile_tags (id, profile_id, tag_id) VALUES (10, 10, 10);
INSERT INTO recruit_posts (id, profile_id, title, description, status, deadline, created_at, updated_at) VALUES (1, 1, '모집제목1', '모집설명1', 'RECRUITING', '2025-05-21 01:52:51', NOW(), NOW());
INSERT INTO recruit_posts (id, profile_id, title, description, status, deadline, created_at, updated_at) VALUES (2, 2, '모집제목2', '모집설명2', 'RECRUITING', '2025-05-22 01:52:51', NOW(), NOW());
INSERT INTO recruit_posts (id, profile_id, title, description, status, deadline, created_at, updated_at) VALUES (3, 3, '모집제목3', '모집설명3', 'RECRUITING', '2025-05-23 01:52:51', NOW(), NOW());
INSERT INTO recruit_posts (id, profile_id, title, description, status, deadline, created_at, updated_at) VALUES (4, 4, '모집제목4', '모집설명4', 'RECRUITING', '2025-05-24 01:52:51', NOW(), NOW());
INSERT INTO recruit_posts (id, profile_id, title, description, status, deadline, created_at, updated_at) VALUES (5, 5, '모집제목5', '모집설명5', 'RECRUITING', '2025-05-25 01:52:51', NOW(), NOW());
INSERT INTO recruit_posts (id, profile_id, title, description, status, deadline, created_at, updated_at) VALUES (6, 6, '모집제목6', '모집설명6', 'CLOSED', '2025-05-26 01:52:51', NOW(), NOW());
INSERT INTO recruit_posts (id, profile_id, title, description, status, deadline, created_at, updated_at) VALUES (7, 7, '모집제목7', '모집설명7', 'RECRUITING', '2025-05-27 01:52:51', NOW(), NOW());
INSERT INTO recruit_posts (id, profile_id, title, description, status, deadline, created_at, updated_at) VALUES (8, 8, '모집제목8', '모집설명8', 'RECRUITING', '2025-05-28 01:52:51', NOW(), NOW());
INSERT INTO recruit_posts (id, profile_id, title, description, status, deadline, created_at, updated_at) VALUES (9, 9, '모집제목9', '모집설명9', 'RECRUITING', '2025-05-29 01:52:51', NOW(), NOW());
INSERT INTO recruit_posts (id, profile_id, title, description, status, deadline, created_at, updated_at) VALUES (10, 10, '모집제목10', '모집설명10', 'RECRUITING', '2025-05-30 01:52:51', NOW(), NOW());
INSERT INTO apply_posts (id, recruit_post_id, profile_id, content, status, created_at) VALUES (1, 1, 6, '지원내용1', 'PENDING', NOW());
INSERT INTO apply_posts (id, recruit_post_id, profile_id, content, status, created_at) VALUES (2, 2, 7, '지원내용2', 'PENDING', NOW());
INSERT INTO apply_posts (id, recruit_post_id, profile_id, content, status, created_at) VALUES (3, 3, 8, '지원내용3', 'PENDING', NOW());
INSERT INTO apply_posts (id, recruit_post_id, profile_id, content, status, created_at) VALUES (4, 4, 9, '지원내용4', 'PENDING', NOW());
INSERT INTO apply_posts (id, recruit_post_id, profile_id, content, status, created_at) VALUES (5, 5, 10, '지원내용5', 'PENDING', NOW());
INSERT INTO apply_posts (id, recruit_post_id, profile_id, content, status, created_at) VALUES (6, 6, 1, '지원내용6', 'PENDING', NOW());
INSERT INTO apply_posts (id, recruit_post_id, profile_id, content, status, created_at) VALUES (7, 7, 2, '지원내용7', 'PENDING', NOW());
INSERT INTO apply_posts (id, recruit_post_id, profile_id, content, status, created_at) VALUES (8, 8, 3, '지원내용8', 'PENDING', NOW());
INSERT INTO apply_posts (id, recruit_post_id, profile_id, content, status, created_at) VALUES (9, 9, 4, '지원내용9', 'PENDING', NOW());
INSERT INTO apply_posts (id, recruit_post_id, profile_id, content, status, created_at) VALUES (10, 10, 5, '지원내용10', 'PENDING', NOW());
*/
